timestamp,temperature,humidity
2024-01-31,-7.132096037268316,66.34226538895629
2024-02-29,20.373321199435335,63.67603240202905
2024-03-31,9.241803770072066,59.675996822951
2024-04-30,26.32421117501206,60.73380472875211
2024-05-31,2.5423006312461327,88.51031038179315
2024-06-30,28.669450915837594,39.88540301573128
2024-07-31,-6.321841628652818,66.79563085412593
2024-08-31,14.929581693985936,42.067418756254305
2024-09-30,18.02912723387562,56.54492394891022
2024-10-31,11.710964040433836,47.39015015640127
2024-11-30,28.95962580776958,65.47470772754296
2024-12-31,1.5497150285904038,56.01288207135592
